name,title,company,email,relationship_strength,notes
James Chen,VP of Strategy,Ford Motor Company,,4,Long-standing relationship from 2022 engagement
Sarah Williams,Chief Transformation Officer,Ford Motor Company,,3,Met at Detroit Auto Show
Michael Torres,SVP Supply Chain,General Motors,,5,Led SCM transformation project
Patricia Johnson,VP Corporate Strategy,General Motors,,3,Secondary contact through Michael
David Kim,Head of EV Strategy,Tesla Inc,,2,Initial outreach only
Robert Singh,VP Operations,Magna International,,4,Active project relationship
Lisa Zhang,Director of Digital,Aptiv,,2,Conference connection
James Anderson,VP Strategy & Business Development,Lockheed Martin,,5,Primary relationship lead
Maria Garcia,SVP Aerospace Systems,Boeing Company,,4,Proposal submitted Q2
Thomas Brown,Chief Strategy Officer,Northrop Grumman,,3,Past engagement 2023
Emily Davis,VP Defense Programs,General Dynamics,,4,Active engagement
Kevin Wilson,Director of Energy Transition,ExxonMobil,,4,Leading current project
Jennifer Lee,VP Renewables Strategy,NextEra Energy,,3,Warm introduction from Kevin
Amanda Clark,SVP Grid Modernization,Duke Energy,,2,Cold outreach
Richard Martinez,Head of Midstream Operations,Enbridge Inc,,1,No direct contact yet
